name,price,status,shipping,free_returns,itemssold
,,,,False,
"TCL 43"" 4K Ultra HD HDR Roku Smart LED TV *43S435",29460,New (Other),0,False,0
"LED HD TV 32"" Inch Flat Screen HDTV Wall Mountable USB HDMI Class HD 720P Black",15497,Brand New,0,False,0
"VIZIO 50"" Class 4K (2160p) Smart LED TV (V505-J09)",31999,Refurbished,0,True,0
"TCL 50S435 50"" 4K Ultra HD HDR Roku Smart LED TV",39995,Brand New,0,False,116
"New Sceptre 19"" Class HD (720P) LED TV Flat Screen Television w/ Remote ",11652,Brand New,0,True,0
"Samsung AU8000 65"" 4K Ultra HD HDR Smart LED TV - 2021 Model",74799,Brand New,0,False,93
Vintage RCA  B&W Solid State CRT TV Retro Gaming Television 1979 WORKS !!,6999,Pre-Owned,3995,False,
"Sceptre 50"" Class 4K UHD LED TV U515CV-U",33898,Brand New,0,False,0
"Sony Trinitron KV-24FS100 24"" CRT TV Retro Gaming Television - No Remote",12499,Pre-Owned,,False,
Toshiba 19A25 19‚Äù CRT TV Color Television Brand New In The Box retro gaming,20250,Brand New,4999,False,
Led Tv Flat Screen Television 19 Inch With Remote Class HD 720 HDMI USB VGA,10999,Brand New,0,False,
"Toshiba 55"" LED TV 4K Ultra HD Fire TV Edition 55LF621U2",30000,Brand New,,False,
"LG UP8000 50"" HDR 4K Ultra HD Smart LED TV - 2021 Model",47699,Brand New,0,False,0
Shrek CRT TV Television with Remote Ultra Rare Gaming ,270000,Pre-Owned,2000,False,0
"LG UP8000 43"" HDR 4K Ultra HD Smart LED TV - 2021 Model",39699,Brand New,0,False,0
"Trexonic Portable Rechargeable 14 Inch LED TV with HDMI, SD/MMC, USB, VGA, AV In",6500,Refurbished,2435,False,69
"VIZIO D-Series D24F-G1 24"" Class Full 1080p HD Smart LED TV",14699,New (Other),0,True,249
"14"" Portable LED TV | USB, SD, HDMI | 12 Volt AC/DC, Rechargeable Battery, Radio",13999,Brand New,0,False,
TRX-14D 14‚Äù Portable Widescreen LED TV w 12V HDMI SD USB VGA AV Input Remote,7760,Refurbished,0,True,
"Brand NEW Sceptre 50"" Class 4K UHD LED TV U515CV-U - FREE SHIP",28999,Brand New,0,False,0
"Sceptre 65"" Class 4K UHD LED TV HDR",58000,Brand New,0,False,0
"Sceptre 50"" Class 4K UHD LED TV U515CV-U",34599,Brand New,0,False,
Samsung 4K Ultra HD Smart LED TV (2020 Model) - Choose Size,4499999500,Brand New,0,True,
"Best Seller. 40"" Class FHD (1080P) LED TV (X405BV-FSR)",18300,Brand New,0,False,0
"LG UP8000 55"" HDR 4K Ultra HD Smart LED TV - 2021 Model",57900,Brand New,0,False,0
New ListingPhilips TV 32-Inch Class HD 720P Smart Roku LED Television NEW Sealed,19000,Brand New,2500,False,
"Venturer KLV3915 15.4"" Undercabinet Kitchen LCD TV with DVD Player - *No HDMI*",13999,Brand New,0,False,
New ListingSAMSUNG UN58TU7000F 58-Inch Class HDR 4K UHD Smart LED TV Smart TV-New,39900,Brand New,,False,
TREXONIC 12‚Äù LIGHTWEIGHT PORTABLE RECHARGEABLE LED TV HDMI AV SD USB VGA TR-D12,7270,Refurbished,0,True,0
Vintage Montgomery Ward B&W Solid State CRT TV Retro Gaming Television 80s WORKS,2995,Pre-Owned,3995,False,0
"Samsung AU8000 65"" 8-Series 4K Crystal UHD HDR Smart LED TV (2021)",72790,Brand New,0,False,0
"TCL 55S435 55"" 4K Ultra HD HDR Roku Smart LED TV",46900,Brand New,0,False,247
26 Inch Led Television NIB,16500,Brand New,0,False,
Insignia NS-24DF310NA21 24 inch 720p HD Smart LED TV!,8300,Brand New,999,False,
"Bolva 65"" 4K Ultra HD LED TV | 4 HDMI",52990,Brand New,0,False,
"Hello Kitty 19"" Class 720p 60Hz LED TV/Monitor - Black/Pink/White (KT2219MBY)",9999,Brand New,,False,
"NIB Magnavox 13MT143S 13"" 480i SDTV CRT Television Retro Gaming TV 2003 Remote",19999,Brand New,0,False,
"Magnavox MSD520FE 20"" Flat Screen CRT Retro Video Game TV DVD Combo NEW!",19999,New (Other),9610,False,
Disney Cars 13 Inch CRT TV/DVD Player Lightning McQueen - WORKS ,9999,Pre-Owned,2350,False,0
Flatscreen TV Bedroom Dorm Garage Tube Television Screen Gaming Portable LED USB,22297,Brand New,0,False,
"TCL 50S434 - 50"" 4-Series 4K Ultra HD HDR Android  Smart LED TV | 3 HDMI",39890,Brand New,0,False,
"Spongebob 13‚Äù CRT TV with Built In DVD/CD Player BRAND NEW, SEALED",89999,Brand New,,False,
"Suncast 55"" Outdoor Partial Shade 4K UHD LED TV  - Waterproof Remote and Mount",169900,Brand New,0,True,0
"Toshiba 13A25 13"" CRT TV Color Television BRAND NEW great for retro gaming",25000,Brand New,0,False,
New ListingTelevision Sylvania 13‚Äù CRT TV Model 6413TG NEVER USED BRAND NEW - PLEASE READ!,16899,Brand New,0,False,
"New ListingLG 24"" Class 24LF454B (720P) HD LED TV ",9900,New (Other),2234,False,
"Samsung AU8000 50"" 4K Ultra HD HDR Smart LED TV - 2021 Model",52799,Brand New,0,False,0
"New ListingSanyo 13‚Äù CRT TV MODEL AVM-1307 Tested & Working, New Open Box, Read Description",15000,Brand New,5000,False,
Suncast 43 Inch Outdoor 4K UHD LED TV with HDR Bundle,109800,Brand New,0,True,0
"ORION 13"" TV1334 TV CRT Television Monitor CRT Retro Gaming w/remote Excellent",6900,Pre-Owned,5060,False,
"RCA 9"" CRT Television TV  White  Retro Gaming Tube",8750,Pre-Owned,0,False,
"Lot of (1) Vizio 65"" Flatscreen TV",9995,Pre-Owned,,False,
"Working 1996 Samsung GX Gaming CRT Television 13"" TV GXE-1395 All Speakers Work",18000,Pre-Owned,10630,False,
"SpongeBob SquarePants 13"" CRT Television Retro Gaming TV Emerson *WORKS*",7999,Pre-Owned,,False,0
"20"" Sony KV-20V80 Trinitron Color CRT TV Retro Gaming Television Test Works",24999,Pre-Owned,3567,False,0
Prism portable digital LCD TV,5000,Pre-Owned,0,False,
"Sylvania 6509DD 9"" CRT Television TV/DVD Combo w/ Remote Retro gaming WORKS 12v",9999,Pre-Owned,5000,True,
Sony KV-34XBR800 Trinitron¬†1080i CRT Television HDTV GAMING no remote,24999,Pre-Owned,,False,
"RCA 13"" CRT TV Television Secureview Prison Issue Clear Retro Gaming Working",12300,Pre-Owned,3978,False,0
SpongeBob SquarePants Emerson CRT TV Television 13‚Äù SB315 - No Remote,12000,Pre-Owned,14285,False,
"Lot of (2) Flat Screen TVs -- LG 55"" and Samsung 55""",21995,Pre-Owned,,False,
SONY Trinitron KV-13FM13 13‚Äù Flat Tube CRT TV Retro Gaming Television w/Remote,14999,Pre-Owned,12670,False,
Suncast 43 Inch Outdoor 4K UHD LED TV with HDR,99800,Brand New,0,True,0
"Suncast 65"" Outdoor Partial Shade 4K UHD LED TV - Waterproof Remote & Mount",219999,Brand New,0,False,0
,,,,False,
Sony BRAVIA BX 300 Series 32-Inch LCD TV Used KDL-32BX300,11500,Pre-Owned,,False,0
"Hello Kitty 19"" Inch TV KT2219 Flat Screen LCD Pink RARE w/ Remote Works! 2012",14999,Pre-Owned,9290,False,
"Supersonic SC-1911 19"" 720p LED TV, AC/DC Compatible with RV/Boat",28202,Brand New,0,False,
"GPX KCL8806DT 7"" HD LCD Television",7475,Pre-Owned,6750,True,
"Rare 12"" Sony KV-1223R Trinitron Color CRT TV Retro Gaming Television w/ Remote",19995,Pre-Owned,0,False,
"GE 35GT720 35"" Retro Gaming Color CRT TV Television ",12935,Pre-Owned,,False,
"Lot of (7) Flatscreen  60 INCH TV's (3)Vizio 60"" E Series,2-Sharp 60, 2-LG 60""",69900,Pre-Owned,,False,
"SONY Trinitron 8"" CRT TV 1992 Retro Gaming Input Tested KV-8AD11 Portable Cabin ",10999,Pre-Owned,3798,False,
"Clear Tech 13"" Inch LED TV Television CTTVLED13 HDMI AV Gaming See Through Clear",6647,Pre-Owned,0,True,
"Panasonic PV-DF2035 Television 20"" VCR DVD Combo TV VHS Player 2005 Flat Screen",34999,Pre-Owned,,False,
"Toshiba MV13M3 13"" CRT TV VCR VHS Combo Retro Gaming No Remote",10999,Pre-Owned,3040,False,
"Emerson EWF2004A  20"" TV Flatscreen CRT RETRO GAMING with Remote ",15000,Pre-Owned,8656,False,
pioneer plasma tv pdp - 6070u,50000,Pre-Owned,550,False,
"Samsung 6100 Series UN50ES6100F 50"" 1920 x 1080 120Hz LED TV LA Local Pickup",16624,Pre-Owned,,False,0
"SuperSonic 14"" Portable LED TV w/ USB, SD, HDMI AC/DC Rechargeable Battery Radio",13900,Brand New,0,True,0
"32"" Seiki Color LCD TV  ",8500,Pre-Owned,,False,
Sylvania CRT Television 4913CLT Retro Gaming Portable TV 13‚Äù + Remote 1999 WORKS,12500,Pre-Owned,2000,False,
"Sylvania Television 13"" CRT TV Television Retro Video Gaming AV Input NO REMOTE ",8074,Pre-Owned,7493,False,0
"Magnavox CD130MW8 13"" CRT Television Read Description DVD PLAYER DOESN'T WORK",5728,Pre-Owned,6942,False,
"2003 Gamer 20"" Sony Trinitron vtg Television CRT TV + Remote TESTED Gaming AV",35777,Pre-Owned,9757,False,
1970's Vintage Sony Triniton CRT Television Retro Gaming TV KV-1542R & Remote,29977,Parts Only,12999,False,
"2005 Toshiba 14AF45 14"" CRT Retro Gaming Color TV Flat screen Tested with REMOTE",24999,Pre-Owned,,False,
"Sony BRAVIA KDL46BX450 46"" Full HD 1080p Refresh Rate 60Hz LCD TV ",4200,Pre-Owned,6729,False,0
"New ListingSamsung CXJ1352 13"" CRT TV VCR Combo Retro Gaming Gamer Television With Remote",11290,Pre-Owned,2863,False,
"Vintage Retro Gaming CRT Color TV TRUTECH 13"" CRT Television 2006 DW13TT Working",12999,Pre-Owned,0,False,
"Toshiba 13A25 13"" CRT TV Color Television Retro Gaming TV Tested Works w/ Remote",6999,Pre-Owned,8447,False,
"Sony Trinitron  KV-27FS13 27"" CRT TV RetroGaming Television With Remote Works",34595,Pre-Owned,29500,False,
Sony Bravia KDL-46XBR2 Flat Screen TV 1080P ,14600,Pre-Owned,,False,0
Sony KD75X85J X85J 75 Inch Class HDR 4K UHD Smart LED TV 2021 Model Year,199800,Brand New,0,False,0
Samsung BET-H Series 65 Inch Crystal 4K UHD Pro Commercial LED TV,77000,Brand New,0,False,0
"New ListingProScan PLED2435A-H 24"" Full HD 1080p LED TV",8900,Pre-Owned,2200,False,
" Casio TV-470 2"" LCD Television (FREE SHIPPING)",2000,Pre-Owned,0,False,
"SYMPHONIC SC3913 13"" CRT TV/VCR/RetroGaming Television no remote not working VCR",3498,Pre-Owned,9082,False,
"Coby CX-TV6 5"" 480i CRT Television - Pre-Owned",4299,Pre-Owned,3140,True,
"13"" Magnavox CRT Television w/ Front A/V Inputs for Gaming - NO REMOTE",7000,Pre-Owned,3131,False,
"Orion TVDVD092 9"" CRT TV/DVD Player Combo Retro Gaming Tested Working No Remote",6900,Pre-Owned,6714,False,0
"Vintage Sony Trinitron KV-13M42 13"" CRT TV Retro Gaming ~ Tested Working",13500,Pre-Owned,18192,False,
"Zenith TVBR1942Z 19"" Color TV VCR Combo CRT Television RETRO GAMING W/ Remote",11875,Pre-Owned,18234,False,
Samsung BET-H Series 70 Inch Crystal 4K UHD Pro Commercial LED TV,92999,Brand New,0,False,0
New ListingFOR PARTS VIZIO D Series 32 Inch Class HD 720p LED Television 60Hz D32hn-E0,2546,Parts Only,0,True,
"Vintage Sony Trinitron KV-1923 19"" CRT Television",40000,Pre-Owned,12590,False,0
"Pioneer Elite Kuro PRO-151FD 60"" 1080p HD Plasma Television",40000,Pre-Owned,,False,
"Toshiba 13"" CRT TV Color Television Retro Gaming w/ remote",9400,Pre-Owned,3000,False,
Sylvania 13 Inch CRT TV W/  FM Built-In Radio W6413TC Great Condition RARE!!!!!,4875,Pre-Owned,3500,False,
"JVC 13"" C-1320 MasterCommand CRT Television - Retro Video Gaming TV - no remote",6499,Pre-Owned,3499,False,
"1996 Samsung GX Gaming CRT Television 13"" TV GXE-1395 No Remote-Read Description",7499,Parts Only,10630,False,
"LG UP8000 50"" 80 Series 4K Ultra HD HDR Smart LED TV  - 3 HDMI (2021 Model)",49699,Brand New,0,False,
Sony KV-34XBR800 Trinitron¬† 1080i CRT Television HDTV With Stand And Remote,18999,Pre-Owned,,False,
"Sony Trinitron KV-13M20 13"" CRT TV Retro Gaming Television - No Remote",11499,Parts Only,0,False,0
Sony KV-34XBR800 Trinitron¬† 1080i CRT Television HDTV GAMING,70000,Pre-Owned,,False,
"TCL 43S435 43"" 4K Ultra HD HDR Roku Smart LED TV",29999,Brand New,0,False,460
"TCL 50"" 4K Ultra HD HDR Roku Smart LED TV *50S435",37760,New (Other),0,False,0
"Sceptre 50"" Class 4K UHD LED TV U515CV-U",29705,Brand New,0,False,
"Toshiba 13A25 13"" CRT TV Color Television OPEN BOX NEVER USED retro gaming",21000,New (Other),0,False,
"Working 1996 Samsung GX Gaming CRT Television 13"" TV GXE-1395 Read Description ",16000,Pre-Owned,10630,False,
"Samsung AU8000 65"" 4K Ultra HD HDR Smart LED TV - 2021 Model *UN65AU8000",70660,New (Other),0,False,0
"LG UP8000 50"" HDR 4K Ultra HD Smart LED TV - 2021 Model *50UP8000",48960,New (Other),0,False,0
"New ListingSanyo 13‚Äù CRT TV MODEL AVM-1307 Tested & Working, New Open Box, Read Description",15000,Brand New,5000,False,
Magnavox Smart Series 14‚Äù CRT TV 14MS2331/17  W/ Remote Retro Gaming Television,8995,Pre-Owned,10495,False,
"Haier HTR-13A CRT TV - 13"" Television - Tested Working - Old School Gamers TV",8999,Pre-Owned,9698,False,
"Haier HLT71 7"" 720p HD LCD Television",8400,Brand New,1625,False,
"DURABRAND 13"" CRT TV TELEVISION DWT1304 FOR GAMING CAMPING DORMS-TESTED & WORKS",16950,Pre-Owned,0,False,
"JVC AV-A14M3 14"" Retro Gaming Color CRT Television NO Remote",13500,Pre-Owned,6925,False,
Emerson TC0916 9 inch Television White Color Tube CRT TV Remote VTG 1993 ,9000,Pre-Owned,0,False,
Sony KD55X85J X85J 55 Inch Class HDR 4K UHD Smart LED TV 2021 Model Year,84800,Brand New,0,True,0
Sony KD43X85J X85J 43 Inch Class HDR 4K UHD Smart LED TV 2021 Model Year,64800,Brand New,0,True,0
,,,,False,
"Funai Durabrand 13"" CRT TV DWT1304 Retro Gaming Television + RF Modulator, Coax",10000,Pre-Owned,0,True,
"Toshiba  MD13P 1 TV DVD Player Combo 13"" CRT Television Video Stereo Combination",6999,Pre-Owned,9708,True,
Sony KD55X85J X85J 55 Inch Class HDR 4K UHD Smart LED TV with TV Floor Stand,84999,Brand New,0,True,0
Emerson TC1366 13 Inch CRT TV Retro Gaming Factory No Remote Tested Works,4000,Pre-Owned,2750,True,
Insignia 24 inch LED TV 1080p HD TV 60Hz Model NS-24E730A12 w/ 2 HDMI No STAND,8000,Pre-Owned,0,True,
"7"" HD Smart LCD TV Mini LED Music Television Player Audio Subwoofer HDMI USB",9129,Brand New,0,False,0
Tinker Bell Disney CRT TV With Remote TESTED/WORKS! Retro DVD / TV Combo,14999,Pre-Owned,9251,False,
"Samsung AU8000 50"" 4K Ultra HD HDR Smart LED TV - 2021 Model *UN50AU8000",48960,New (Other),0,False,0
Sony 52‚Äù TV LED Flat Screen kdl-52w4100,23000,Pre-Owned,,False,
"New ListingJENSEN 19"" LED Television w/ DVD Player and Stand - 12V",30514,Brand New,0,False,
"Sony Trinitron KV-40XBR800 Ultimate Gamer CRT TV With Stand, Remote & Manual",120000,Pre-Owned,,False,0
DORA the EXPLORER Emerson 15‚Äù CRT TV DVD Player DTE351 **WORKS PERFECT **,10500,Pre-Owned,3800,False,
"Panasonic PV-M2058 20"" VCR Retro Gaming Color CRT TV/FM with Remote Working",12500,Pre-Owned,11224,False,
Samsung BET-H Series 43 Inch Crystal 4K UHD Pro Commercial LED TV,42400,Brand New,0,True,0
Sony X91J 85 Inch Class HDR 4K UHD Smart LED TV,279800,Brand New,0,False,0
Sony KD65X85J X85J 65 Inch Class HDR 4K UHD Smart LED TV 2021 Model Year,99800,Brand New,0,False,0
Sony KD75X85J X85J 75 Inch Smart LED TV with Sony HTS350 Soundbar Bundle,227800,Brand New,0,False,0
"Toshiba 13A25 13"" CRT TV Color Television Retro Gaming TV Tested Works NO REMOTE",3900,Pre-Owned,9860,False,
Samsung BET-H Series 75 Inch Crystal 4K UHD Pro Commercial LED TV,147500,Brand New,0,False,
"Vintage ORION TV1326 13"" Inch CRT TV Retro Gaming Television No Remote Gr.Cond!",9029,Pre-Owned,0,False,
"Vtg Sony Trinitron 27"" CRT TV Retro Gaming Television + Remote *TESTED* SURROUND",28999,Pre-Owned,30253,False,
Sony Trinitron KV-13FM13 Gaming Television Flatscreen WEGA 13‚Äù Color CRT Vintage,14890,Pre-Owned,10020,False,
"vintage JVC 20"" CRT TV Color Tube Television Retro Gaming RCA AV Ports AV 209-20",15000,Pre-Owned,,False,
"Sony KV-13FM12 Trinitron 13"" CRT TV w/ Remote Control Video Gaming Game Retro",19995,Pre-Owned,0,False,
"SYLVANIA 13"" CRT TV DVD combo Retro Gaming Monitor, tested minty, working remote",7900,Pre-Owned,2803,False,
"Sony Wega Trinitron 36"" Flat Screen TV //Retro Gaming!!",23375,Pre-Owned,,True,0
"Supersonic 16"" Portable Rechargeable LED TV with HDMI & FM Radio",19999,Brand New,0,False,0
"Sylvania 6513VD 13"" CRT TV/DVD/Retro Gaming Combo Television-No Remote",5999,Pre-Owned,9434,False,
Sony KD75X85J X85J 75 Inch Smart LED TV with Kratos Home Studio TV Stand,199999,Brand New,0,False,0
"Samsung 43"" LED TV Class 4K 2160p Ultra HD Smart HDTV UN43TU700DFXZA",46459,Brand New,0,True,0
"Samsung AU8000 55"" 4K Ultra HD HDR Smart LED TV - 2021 Model *UN55AU8000",57760,New (Other),0,False,0
Sony Trinitron 27‚Äù CRT TV Model KV-27FV300,34000,Pre-Owned,,False,0
"eXuby Small Flat Screen TV - 13.3"" LED TV - Perfect for Kitchen, Garage, RV, etc",12999,Pre-Owned,0,False,0
New ListingSamsung UN43TU7000 Series 43-Inch Crystal UHD 4K Smart Led TV Smart TV ,40000,Brand New,0,False,
"RARE Vintage Emerson ECR136 13"" CRT TV Emulated Wood Panel Color Television ",9900,Pre-Owned,9886,False,
"LG 70 Series 75"" 4K Ultra HD HDR Smart LED TV",109699,Brand New,0,False,0
"SYLVANIA 13"" CRT TV DVD Retro CRT Gaming Combo Tube Television - TESTED & WORKS!",5000,Pre-Owned,9200,False,
"Sceptre 43"" Class 1080P FHD LED TV X435BV-F",28511,Brand New,0,False,
"Samsung UN50TU7000 50"" 4K Ultra HD Smart LED TV (2020 Model) - Open Box",50000,New (Other),0,True,0
"Samsung UN55TU7000 55"" 4K Ultra HD Smart LED TV (2020 Model) - Open Box",55000,New (Other),0,True,0
"Vintage GE 9.5‚Äù or 9"" Spacemaker RETRO GAMING CRT TV w9GP110 No Remote. 1996",6000,Pre-Owned,3300,False,0
"New ListingJensen JTV1917DVDC 19"" Lcd Tv With Dvd Player",26979,Brand New,0,True,
"Sony X85J 43"" 4K Ultra HD HDR Android Smart LED TV - 2021 Model",64800,Brand New,0,False,0
"Toshiba 14"" Retro Gaming Color CRT TV Television / VCR Combo Model MV14FL4",19999,Pre-Owned,8000,False,
"Vintage ORION TV1326 13"" Inch CRT TV Retro Gaming Television with Remote!",4999,Pre-Owned,4506,False,
"Symphonic ST420FF 20"" CRT TV Retro Gaming Television w/ Remote - WORKS GREAT!",18000,Pre-Owned,12585,False,
"Good Used RCA 27"" CRT TV  F27252GY Gaming Gamer Television Analog with Remote",5999,Pre-Owned,,False,
"Sony X90J 75"" HDR 4K Ultra HD Android Smart LED TV - 2021 Model",159800,Brand New,0,False,0
Disney Mickey Mouse CRT Television with Stereo Speaker Ears DT1350-C & Remote ,9999,Pre-Owned,10820,True,
"Sylvania 9"" Tube TV VCR Combo CRT Television Remote 6309CA Retro Gaming See Demo",14998,Pre-Owned,4150,False,
"Large 19"" Pink Disney Princess TV Retro Gaming CRT Television Remote DT-1900-P-A",22079,Pre-Owned,7500,False,
"TCL 40"" Full HD Roku Smart LED TV - 40S325",29999,Brand New,0,False,1001
"TCL 4 43S434 42.5"" Smart LED-LCD TV - 4K UHDTV",50499,Brand New,0,True,
New ListingBroksonic 9‚Äù TV VCR Combo Retro Gaming CRT TV CTSGT-2799T Portable RV Camping,7500,Pre-Owned,4126,False,
"Sony Bravia KDL-19M4000 19"" 720p HD LCD Television ",11999,Pre-Owned,0,True,
"CROSLEY Retro Custom 24"" FHD LED TV Model 3589 HD 1080P HDMI No Remote",23209,Pre-Owned,3896,True,
"Smart Tv Roku HD Led Hdmi Flat Screen Remote Control Wifi Easy Dualband 720p 32""",19584,Brand New,0,False,0
"Magnovox 36"" CRT TV Television w/ Remote, Manual - Great for Retro Gaming",12495,Pre-Owned,,False,
"Sansui CDVD9000B 9"" CRT TV Portable Television DVD Player Combo No Remote WORKS",12499,Pre-Owned,2000,False,
"New ListingBrand New LG 24LJ4540 24"" 720p LED TV - White ",11500,Brand New,990,False,
"White 13"" Panasonic PV-C1351W CRT TV / VCR Combo Retro Gaming Television TV",10999,Pre-Owned,7000,False,
"Sylvania 15"" LCD TV with Speakers & DVD Model SSL15D6 Tested",3850,Pre-Owned,9045,False,
"Emerson LC220EM1 22"" TV 720p HD LCD Television",3500,Pre-Owned,10319,False,
"New ListingViore PLC7V96 7"" 1080p HD LCD Television Pre-Owned!",995,Pre-Owned,2115,False,
"Emerson LD190EM1 19"" 720p HD LCD Television w built in DVD player HDMI monitor*2",15000,Pre-Owned,0,True,
Sony KD75X85J X85J 75 Inch Smart LED TV with Sony HT-G700 3.1 Ch Soundbar Bundle,259800,Brand New,0,False,0
,,,,False,
"jWIN JV-TV1010 5"" Analog LCD Television - VINTAGE NEVER USED - NIB",3200,New (Other),1355,False,
Sony XR75X95J 75 inch BRAVIA XR X95J Black UHD Smart LED TV 2021 Model,299800,Brand New,0,False,0
Digital Prism ATSC-710 7-inch Portable Handheld LCD TV,8635,Pre-Owned,825,True,
Sony XR75X95J 75 Inch BRAVIA XR X95J Black UHD Smart LED TV with Soundbar Bundle,359800,Brand New,0,False,0
"Good Used SYLVANIA 19"" CRT TV Gaming Gamer Television Analog SRB1965 421",3999,Pre-Owned,,False,
"Toshiba 13A25 13"" CRT TV Color Television No Remote TV Nice Retro Gaming TV",6999,Pre-Owned,8800,True,
"üí•üí¶ HANDYMAN TV PALLET üí•üí¶ 14 ASST. VIZIO, JVC, HISENSE 43""- 65"" LED TV'S",2995,Parts Only,,False,
"LG UP8000 55"" HDR 4K Ultra HD Smart LED TV - 2021 Model *55UP8000",56460,New (Other),0,False,0
Sony LIV Ultra Slim LCD-TV CD Kitchen Clock Radio ICF-CD555LIV2 Color television,29995,New (Other),4750,False,
"VINTAGE 1981 MONTGOMERY WARD CRT TELEVISION TV RETRO GAMING 12"" SCREEN, WORKS. ",3899,Pre-Owned,8347,False,
"White Sharp Retro 13N-M150B 13"" CRT TV Gaming Television with Remote",8999,Pre-Owned,4999,False,
"Sharp LC-13SH4U 13"" Portable LCD Flatscreen TV Component/AV/S-Video/Coax Retro ",3999,Pre-Owned,8930,False,
New ListingSupersonic SC-2412 LCD TV/DVD Combo,1000,Pre-Owned,0,False,
Sony XR85X95J 85 inch BRAVIA XR X95J Black UHD Smart LED TV 2021 Model,399800,Brand New,0,False,0
"Samsung UN65TU7000 65"" 4K Ultra HD Smart LED TV (2020 Model) - Open Box",70000,New (Other),0,True,0
"Viewsonic CDP4235-T 32"" 1366 x 768 HDMI DVI-D VGA LCD TV VS14709 LA Pickup",3799,Pre-Owned,,False,0
"Trexonic Portable Rechargeable 14 Inch LED TV with HDMI, SD/MMC, USB, VGA, AV",11900,Brand New,0,False,
"Supersonic 16"" AC/DC Rechargeable Portable LED TV - HDMI - Built-in Speakers",19999,Brand New,0,False,
Sylvania 13‚Äù CRT TV Model SRC1351 Retro Rare Black W/ Remote Works Tested Nice,6999,Pre-Owned,12140,True,
LG 32‚Äù Flat Screen TV With Remote Tested,8000,Pre-Owned,0,False,
"Durabrand - DWT1304¬† 13"" CRT Television - Tested and Working - NO REMOTE - Local",4500,Pre-Owned,9658,False,
"SAMSUNG  75""  4K  FLAT SCREEN TV - MODEL  QN75Q9F....SEE  PHOTO #7",74800,Pre-Owned,,False,0
" 13"" MICKEY MOUSE DISNEY TV Vintage DT1350-C  CRT Television Tested",3999,Pre-Owned,5001,False,
Panasonic CT-27SL14J CRT PureFlat Flat screen Tau Series TV Television w/Remote,4999,Pre-Owned,,False,
"Pioneer Elite PRO-150FD 60"" 1080p Plasma TV with SMW1980 Speakers and Remote",22500,Pre-Owned,,False,
Orion TV1934A CRT TV RETRO GAMING VINTAGE 2003 COLOR MANCAVE TESTED 19 Inch,2000,Pre-Owned,,False,
"JENSEN 19"" LED Television - 12V",30903,Brand New,0,False,
Panasonic TC-P60VT60 60‚Äù Plasma TV *1 owner* Legendary Performance!,99500,Pre-Owned,,False,0
Samsung UN43AU8000 43 Inch 4K Crystal UHD Smart LED TV (2021) - Open Box,39900,New (Other),0,True,0
" Orion13"" CRT TV TV1318A Perfect For Retro Gaming Or Regular Use",12495,Pre-Owned,0,True,
"Sylvania 6509DD 9"" CRT Television TV/DVD Combo Retro Gaming 12v Portable",5950,Pre-Owned,4903,False,
"Samsung NT670U 50"" Class HDR 4K UHD Hospitality LED TV HG50NT670UFXZA",54999,New (Other),0,False,
"Panasonic 27"" CRT Television CT-27D10B",9995,Pre-Owned,,False,
Daewoo DTQ-13P2FC 13‚Äù CRT TV with RF modulator - Tested - Retro Gaming,6500,Pre-Owned,16090,False,
"SAMSUNG 32"" Class FHD (1080P) Smart LED TV (UN32N5300)",32090,Brand New,0,False,
"Curtis Mathes 13"" CRT TV VCR Combo Retro Gaming TESTED Works Great WITH REMOTE",12500,Pre-Owned,,False,
"Supersonic 13.3"" Portable Rechargeable LED TV with HDMI & FM Radio",12499,Brand New,0,False,0
"Sony BRAVIA KDL-40S4100 40"" Full HD 1080p LCD TV 16:9 2500:1",1999,Pre-Owned,7114,False,0
"Supersonic SC-2812 12"" Portable LED TV w/Built in Batt, USB & SD input",13500,Brand New,0,True,
"2001 RCA E13320 13"" Color Gaming Television Retro CRT TV TESTED Stickers Free;-)",7999,Pre-Owned,5656,False,
Pink Tinker Bell Disney CRT TV With Remote TESTED/WORKS! Retro Combo unit ,10000,Pre-Owned,,False,0
"NEW DISNEY CARS TV DVD PLAYER & REMOTE lightning mcqueen retro gaming 13"" CRT TV",149995,Brand New,4010,False,
"JVC AV-A14M3 14"" Retro Gaming Color CRT Television NO Remote Video Branding ",10800,Pre-Owned,6925,False,
"Sceptre 32"" Class 720P HD LED TV X322BV-SR",15386,Brand New,0,False,
"60"" SONY GRAND WEGA KDF-60XS955 HD REAR-PROJECTION LCD TV with Remote Excellent",20000,Pre-Owned,,False,
sony KD-30XS955 trinitron wega retro gaming crt tv w/ hdmi,15000,Pre-Owned,,False,
"Samsung UN55C8000XF Titanium 55"" 1080p 3D LED TV with Active Glasses and Remote",75000,Pre-Owned,,False,
"Samsung AU8000 55"" 4K Ultra HD HDR Smart LED TV - 2021 Model",59799,Brand New,0,False,
"Sony BRAVIA X95J 65"" 4K UHD HDR Smart LED TV - 2021 Model",199800,Brand New,0,False,0
Sony Trinitron KV20-FS100 Retro Gaming CRT TV - **THE GRAIL OF RETRO GAMING**,35000,Pre-Owned,,False,
"BLACK Panasonic 13"" CRT Television Color TV Retro Gaming Model CT-13R18BG",10000,Pre-Owned,,False,
"Emerson Vt3110 13"" Retro Gaming CRT TV VCR Combo With REMOTE TESTED Works Great",11500,Pre-Owned,6215,False,
"Samsung 19"" LCD TV¬†Samsung 450¬†series 1366 x 768 resolution",11900,Pre-Owned,1995,False,
"Sony X950H 65"" HDR 4K Ultra HD Android Smart LED TV - 2020 Model *XBR65X950H",129960,New (Other),0,False,0
"Pioneer Kuro KRP-500M 50"" 1080p HD Plasma Television",300000,New (Other),,False,0
"New ListingSamsung 477 HG32NJ477NF 32"" LED-LCD TV - 16:9 - HDTV - Black Hairline",39935,Brand New,,True,
"Toshiba MD14H63 14"" CRT Television Retro Gaming TV/DVD Combo - Works Great!",16999,Pre-Owned,7695,False,
STEREO 20 Flat Screen CRT TV Retro Gaming N64 Sega SNES SVIDEO Svhs AV Inputs 19,24900,Pre-Owned,8710,False,0
"Sony X950H 75"" HDR 4K Ultra HD Android Smart LED TV - 2020 Model *XBR75X950H",209960,New (Other),0,False,0
"Rare 19"" Pink Disney Princess TV Retro Gaming CRT Television Tested",15000,Pre-Owned,14136,False,
Magnavox 21Inch Flat Screen TV With DVD Player Model 22MD311B/F7 Black Tested,9999,Pre-Owned,2999,True,0
"LG UP8000 43"" HDR 4K Ultra HD Smart LED TV - 2021 Model *43UP8000",41960,New (Other),0,False,0
"Vintage RCA Truflat SDTV 14F514T 14"" Television CRT TV Retro Gaming NO remote",9500,Pre-Owned,10915,False,0
"Samsung 50"" AU8000 Crystal UHD 4K HDR Smart LED TV (2021 Model)",52799,Brand New,0,False,
"BOXED Sharp LC-104TV1 10.4"" LCD TV ~World's First 10"" Flat Panel TV~JAPAN IMPORT",49999,New (Other),0,True,
Sony XR85X95J 85 Inch BRAVIA XR X95J Black UHD Smart LED TV 2021 Model Bundle,399800,Brand New,0,False,0
